{
  "version": 1,
  "author": "Anonymous maker",
  "editor": "wokwi",
  "parts": [
    { "type": "wokwi-arduino-uno", "id": "uno", "top": 0, "left": 0, "attrs": {} },
    {
      "type": "wokwi-ntc-temperature-sensor",
      "id": "ntc1",
      "top": -130.63,
      "left": 11.15,
      "attrs": { "beta": "3950", "temperature": "33" }
    },
    {
      "type": "wokwi-led",
      "id": "led1",
      "top": -256.97,
      "left": -274.76,
      "attrs": { "color": "red" }
    },
    {
      "type": "wokwi-led",
      "id": "led2",
      "top": -264.15,
      "left": -23.5,
      "attrs": { "color": "green" }
    },
    {
      "type": "wokwi-led",
      "id": "led4",
      "top": -266.73,
      "left": 348.11,
      "attrs": { "color": "yellow" }
    },
    {
      "type": "wokwi-resistor",
      "id": "r1",
      "top": -191.47,
      "left": 134.22,
      "attrs": { "value": "1000" }
    },
    {
      "type": "wokwi-resistor",
      "id": "r2",
      "top": -189.53,
      "left": -109.32,
      "attrs": { "value": "1000" }
    },
    {
      "type": "wokwi-resistor",
      "id": "r3",
      "top": -183.61,
      "left": 521.49,
      "attrs": { "value": "1000" }
    }
  ],
  "connections": [
    [ "ntc1:OUT", "uno:A0", "green", [ "h178", "v319", "h-81" ] ],
    [ "ntc1:VCC", "uno:VIN", "red", [ "h206", "v351", "h-137" ] ],
    [ "ntc1:GND", "uno:GND.1", "black", [ "h26", "v78", "h-58" ] ],
    [ "r1:1", "led2:A", "green", [ "v0" ] ],
    [ "r2:1", "led1:A", "green", [ "v0" ] ],
    [ "r3:1", "led4:A", "green", [ "v0" ] ],
    [ "r1:2", "uno:3.3V", "green", [ "v0" ] ],
    [ "r2:2", "uno:3.3V", "green", [ "v0" ] ],
    [ "r3:2", "uno:3.3V", "green", [ "v0" ] ],
    [ "led1:C", "uno:7", "green", [ "v0" ] ],
    [ "led2:C", "uno:6", "green", [ "v0" ] ],
    [ "led4:C", "uno:5", "green", [ "v0" ] ]
  ]
}